[
    {
        "img": "changan",
        "title": "Changan",
        "count": "21",
        "link": "#!"
    },

    {
        "img": "exeed",
        "title": "EXEED",
        "count": "92",
        "link": "#!"
    },

    {
        "img": "dongfeng",
        "title": "Dongfeng",
        "count": "15",
        "link": "#!"
    },

    {
        "img": "chery",
        "title": "CHERY",
        "count": "42",
        "link": "#!"
    }, 

    {
        "img": "faw",
        "title": "FAW",
        "count": "63",
        "link": "#!"
    },

    {
        "img": "gac",
        "title": "GAC",
        "count": "44",
        "link": "#!"
    }, 

    {
        "img": "geely",
        "title": "Geely",
        "count": "11",
        "link": "#!"
    },

    {
        "img": "greatwall",
        "title": "Greatwall",
        "count": "6",
        "link": "#!"
    }, 


    {
        "img": "haval",
        "title": "Haval",
        "count": "21",
        "link": "#!"
    },

    {
        "img": "jac",
        "title": "JAC",
        "count": "61",
        "link": "#!"
    }, 


    {
        "img": "forthing",
        "title": "Forthing",
        "count": "39",
        "link": "#!"
    },

    {
        "img": "foton",
        "title": "Foton",
        "count": "72",
        "link": "#!"
    }, 

    {
        "img": "haima",
        "title": "Haima",
        "count": "12",
        "link": "#!"
    },

    {
        "img": "baic",
        "title": "BAIC",
        "count": "120",
        "link": "#!"
    },


    {
        "img": "hongqi",
        "title": "Hongqi",
        "count": "31",
        "link": "#!"
    },

    {
        "img": "omoda",
        "title": "OMODA",
        "count": "1200",
        "link": "#!"
    },

    {
        "img": "tank",
        "title": "Tank",
        "count": "27",
        "link": "#!"
    },


    

    {
        "img": "changan",
        "title": "Changan",
        "count": "21",
        "link": "#!"
    },

    {
        "img": "exeed",
        "title": "EXEED",
        "count": "92",
        "link": "#!"
    },

    {
        "img": "dongfeng",
        "title": "Dongfeng",
        "count": "15",
        "link": "#!"
    },

    {
        "img": "chery",
        "title": "CHERY",
        "count": "42",
        "link": "#!"
    }, 

    {
        "img": "faw",
        "title": "FAW",
        "count": "63",
        "link": "#!"
    },

    {
        "img": "gac",
        "title": "GAC",
        "count": "44",
        "link": "#!"
    }, 

    {
        "img": "geely",
        "title": "Geely",
        "count": "11",
        "link": "#!"
    },

    {
        "img": "greatwall",
        "title": "Greatwall",
        "count": "6",
        "link": "#!"
    }, 


    {
        "img": "haval",
        "title": "Haval",
        "count": "21",
        "link": "#!"
    },

    {
        "img": "jac",
        "title": "JAC",
        "count": "61",
        "link": "#!"
    },

    {
        "img": "faw",
        "title": "FAW",
        "count": "63",
        "link": "#!"
    },

    {
        "img": "gac",
        "title": "GAC",
        "count": "44",
        "link": "#!"
    }, 

    {
        "img": "geely",
        "title": "Geely",
        "count": "11",
        "link": "#!"
    }
]