[
    {
        "id": "aito",
        "name": "aito",
        "value": "aito",
        "for": "aito",
        "img": "aito",
        "title" : "Aito"
    }, 

    {
        "id": "baic",
        "name": "baic",
        "value": "baic",
        "for": "baic",
        "img": "baic",
        "title" : "BAIC"
    }, 

    {
        "id": "changan",
        "name": "changan",
        "value": "changan",
        "for": "changan",
        "img": "changan",
        "title" : "Changan"
    }, 

    {
        "id": "chery",
        "name": "chery",
        "value": "chery",
        "for": "chery",
        "img": "chery",
        "title" : "CHERY"
    }, 

    {
        "id": "dongfeng",
        "name": "dongfeng",
        "value": "dongfeng",
        "for": "dongfeng",
        "img": "dongfeng",
        "title" : "Dongfeng"
    }
    
]